KhloeKardashian,蔡依林,范冰冰,KhloeKardashian,LouaneEmera,G-DRAGON,ローラ,
Adele,楊丞琳,刘德华,Adele,Nabilla,지드래곤,藤田ニコル,
KimKardashian,林志玲,周杰伦,KimKardashian,VanessaParadis,찬열,佐々木希,
KylieJenner,羅志祥,黄晓明,KylieJenner,SophieMarceau,태연,西内まりや,
JenniferLawrence,王心凌,章子怡,JenniferLawrence,Lily-RoseDepp,세훈,マギー,
Tyga,舒淇,杨幂,Tyga,LéaSeydoux,백현,くみっきー,
GigiHadid,林心如,林志玲,GigiHadid,AdèleExa,루한,にこるん,
ScottDisick,張惠妹,李娜,ScottDisick,harrystyles,타오,浜崎あゆみ,
JoeJonas,林嘉欣,吴奇隆,JoeJonas,Adele,크리스,西野カナ,
KellyRowland,郭雪芙,成龙,KellyRowland,KimKardashian,태양,鈴木えみ,
LadyGaga,蔡詩蕓,陈奕迅,LadyGaga,KylieJenner,산다라박,中村理沙,
EllieGoulding,林依晨,罗志祥,EllieGoulding,JenniferLawrence,서현,藤井リナ,
AlessandraAmbrosio,桂綸鎂,王力宏,AlessandraAmbrosio,GigiHadid,타블로,水原希子,
MirandaLambert,全智賢,周迅,MirandaLambert,LadyGaga,은혁,益若つばさ,
ChrissyTeigen,孫芸芸,谢霆锋,ChrissyTeigen,EllieGoulding,공민지,菜々緒,
KaleyCuoco,陳綺貞,甄子丹,KaleyCuoco,NickiMinaj,아이유,玉城ティナ,
SelmaBlair,蔡健雅,林志颖,SelmaBlair,MichelleWilliams,하니,八木アリサ,
NickiMinaj,徐熙娣,刘恺威,NickiMinaj,RyanGosling,양요섭,本田翼,
MichelleWilliams,小S,蔡依林,MichelleWilliams,SalmaHayek,용준형,岸本セシル,
RyanGosling,許瑋甯,赵本山,RyanGosling,BritneySpears,구하라,大政絢,
SalmaHayek,徐若瑄,赵薇,SalmaHayek,JustinBieber,에일리,桐谷美玲,
MischaBarton,孫燕姿,舒淇,MischaBarton,GwenStefani,에릭남,梨花,
MattDamon,隋棠,郭富城,MattDamon,SelenaGomez,설리,有村架純,
LupitaNyong'o,郭采潔,刘诗诗,LupitaNyong'o,MirandaKerr,씨엘,石原さとみ,
BritneySpears,徐熙媛,郭敬明,BritneySpears,ParisHilton,효연,前田敦子,
JennyMcCarthy,湯唯,李冰冰,JennyMcCarthy,VictoriaBeckham,유라,AKB４８,
JadaPinkettSmith,范冰冰,吴秀波,JadaPinkettSmith,KatieHolmes,혜리,大島優子,
CindyCrawford,王菲,孙俪,CindyCrawford,KendallJenner,설현,小嶋陽菜,
JustinBieber,李冰冰,王菲,JustinBieber,JustinTimberlake,초아,島崎遥香,
GwenStefani,楊謹華,梁朝伟,GwenStefani,JessicaBiel,손나은,綾瀬はるか,
SelenaGomez,劉詩詩,古天乐,SelenaGomez,Shakira,크리스탈,宮崎あおい,
EllenDeGeneres,孫儷,庾澄庆,EllenDeGeneres,DemiLovato,,ベッキー,
RitaOra,吳佩慈,萧敬腾,RitaOra,Rihanna,,能年玲奈,
HaileyBaldwin,田馥甄,林心如,HaileyBaldwin,JenniferLopez,,堀北真希,
LivTyler,李毓芬,张惠妹,LivTyler,KatyPerry,,武井咲,
AnnaWintour,伊能靜,汤唯,AnnaWintour,MileyCyrus,,橋本愛,
KateMara,天心,汪峰,KateMara,ArianaGrande,,川口春奈,
BlakeShelton,賴雅妍,高圆圆,BlakeShelton,TaylorSwift,,戸田恵梨香,
NickJonas,李佳穎,张国立,NickJonas,Beyoncé,,榮倉奈々,
MelB,郭書瑤,葛优,MelB,Beyonce,,剛力彩芽,
ZaynMalik,柯佳嬿,佟丽娅,ZaynMalik,Zendaya,,北川景子,
ReeseWitherspoon,歐陽妮妮,孙红雷,ReeseWitherspoon,AvrilLavigne,,菅野結以,
CharlieSheen,歐陽娜娜,文章,CharlieSheen,ZacEfron,,AMO,
KourtneyKardashian,王大陸,海清,KourtneyKardashian,CarlyRaeJepsen,,長澤まさみ,
FKAtwigs,夏雨喬,林丹,FKAtwigs,LucyHale,,板野友美,
RosieHuntington-Whiteley,陳喬恩,刘烨,RosieHuntington-Whiteley,AshleyBenson,,渡辺美優紀,
JessicaAlba,宋芸樺,周润发,JessicaAlba,TroianBellisario,,河北麻友子,
MorenaBaccarin,周杰倫,杨丞琳,MorenaBaccarin,ShayMitchell,,トリンドル玲奈,
FamkeJanssen,昆凌,刘涛,FamkeJanssen,MartinaStoessell,,松本潤,
TaylorKitsch,周迅,蒋雯丽,TaylorKitsch,BrooklynBeckham,,二宮和也,
BradleyCooper,柯震東,林峰,BradleyCooper,SoniaBenAmmar,,櫻井翔,
MegRyan,陳妍希,杨颖,MegRyan,ShaileneWoodley,,相葉雅紀,
NickyHilton,張榕容,李云迪,NickyHilton,TheoJames,,滝沢秀明,
BenjaminMcKenzie,嚴爵,郎朗,BenjaminMcKenzie,AnselElgort,,山下智久,
RachelMcAdams,潤娥,郭德纲,RachelMcAdams,"HaileeSteinfeld,",,嵐,
MichelleRodriguez,郭富城,吴莫愁,MichelleRodriguez,RachelMcAdams,,KAT-TUN,
TravisBarker,陳奕迅,张学友,TravisBarker,MichelleRodriguez,,玉森裕太,
JamieBell,河智苑,黄渤,JamieBell,marionCortillard,,藤ヶ谷太輔,
MirandaKerr,Angelababy,容祖儿,MirandaKerr,LauraSmet,,北山宏光,
ParisHilton,林可彤,王宝强,ParisHilton,CaraDelevingne,,亀梨和也,
IrinaShayk,朴信惠,陈乔恩,IrinaShayk,CharlotteLebon,,手越祐也,
RupertGrint,安室奈美惠,刘嘉玲,RupertGrint,RitaOra,,錦戸亮,
VictoriaBeckham,仔仔,那英,VictoriaBeckham,EmmaWatson,,佐藤健,
NiallHoran,藍正龍,陈坤,NiallHoran,LilyCollins,,岡田准一,
JamieFoxx,陳柏霖,姚晨,JamieFoxx,AngelinaJolie,,TAKAHIRO,
KatieHolmes,泰勒絲,田馥甄,KatieHolmes,KenjiGirac,,EXILE,
KendallJenner,孫芸芸,韩寒,KendallJenner,KristenStewart,,ASTUSHI,
JustinTimberlake,孫瑩瑩,蔡卓妍,JustinTimberlake,,,柏木由紀,
JessicaBiel,劉德華,王珞丹,JessicaBiel,,,渡辺麻友,
VanessaMinnillo,,谢娜,VanessaMinnillo,,,松井玲奈,
LilyDonaldson,,何炅,LilyDonaldson,,,松井珠理奈,
MollySims,,马苏,MollySims,,,白石麻衣,
SachaBaronCohen,,陈道明,SachaBaronCohen,,,,
NicoleRichie,,张亮,NicoleRichie,,,,
Shakira,,赵丽颖,Shakira,,,,
CobieSmulders,,吉克隽逸,CobieSmulders,,,,
IslaFisher,,霍建华,IslaFisher,,,,
NickLachey,,李晨,NickLachey,,,,
LamarOdom,,佟大为,LamarOdom,,,,
MariahCarey,,邓超,MariahCarey,,,,
OprahWinfrey,,郑智,OprahWinfrey,,,,
MatthewMcConaughey,,张威,MatthewMcConaughey,,,,
EvaLongoria,,陈妍希,EvaLongoria,,,,
JimmyKimmel,,张嘉泽,JimmyKimmel,,,,
CamilaAlves,,杜淳,CamilaAlves,,,,
BellaHadid,,邓紫棋,BellaHadid,,,,
JoeManganiello,,郭涛,JoeManganiello,,,,
SofiaVergara,,陈晓,SofiaVergara,,,,
ASAPRocky,,钟汉良,ASAPRocky,,,,
KarlLagerfeld,,孟非,KarlLagerfeld,,,,
LewisHamilton,,杨澜,LewisHamilton,,,,
DavidBeckham,,柯震东,DavidBeckham,,,,
StellaMcCartney,,朱丹,StellaMcCartney,,,,
KateBeckinsale,,张歆艺,KateBeckinsale,,,,
LilyAllen,,钟欣桐,LilyAllen,,,,
MollieKing,,徐熙娣,MollieKing,,,,
OrlandoBloom,,徐熙媛,OrlandoBloom,,,,
NaomiCampbell,,张靓颖,NaomiCampbell,,,,
KateBosworth,,陈坤,KateBosworth,,,,
DemiLovato,,陆毅,DemiLovato,,,,
Rihanna,,李亚鹏,Rihanna,,,,
JenniferLopez,,胡兵,JenniferLopez,,,,
KatyPerry,,刘晓庆,KatyPerry,,,,
MileyCyrus,,姜文,MileyCyrus,,,,
ArianaGrande,,徐静蕾,ArianaGrande,,,,
TaylorSwift,,聂远,TaylorSwift,,,,
Beyoncé,,韩庚,Beyoncé,,,,
Beyonce,,谭维维,Beyonce,,,,
DeepikaPadukone,,李宇春,DeepikaPadukone,,,,
RowanBlanchard,,刘欢,RowanBlanchard,,,,
sabrinacarpenter,,井柏然,sabrinacarpenter,,,,
KristinaPimenova,,,KristinaPimenova,,,,
Zendaya,,,Zendaya,,,,
ZendayaColeman,,,ZendayaColeman,,,,
KarlieKloss,,,KarlieKloss,,,,
beckyg,,,beckyg,,,,
PiaMia,,,PiaMia,,,,
iggyazalea,,,iggyazalea,,,,
BellaThorne,,,BellaThorne,,,,
MeghanTrainor,,,MeghanTrainor,,,,
VictoriaJustice,,,VictoriaJustice,,,,
DebbyRyan,,,DebbyRyan,,,,
DoveCameron,,,DoveCameron,,,,
AvrilLavigne,,,AvrilLavigne,,,,
RadhikaMadan,,,RadhikaMadan,,,,
ZacEfron,,,ZacEfron,,,,
ValeriaLukyanova,,,ValeriaLukyanova,,,,
SkaiJackson,,,SkaiJackson,,,,
LouisTomlinson,,,LouisTomlinson,,,,
CarlyRaeJepsen,,,CarlyRaeJepsen,,,,
harrystyles,,,harrystyles,,,,
SarahHyland,,,SarahHyland,,,,
CaraDelevigne,,,CaraDelevigne,,,,
LarissaManoela,,,MandyCapristo,,,,
MaddieZiegler,,,SophiaThomalla,,,,
PerrieEdwards,,,DianeKruger,,,,
LauraMarano,,,SilaSahin,,,,
OliviaHolt,,,SibelKekili,,,,
BrookeHyland,,,FrankaPotente,,,,
VictoriaBaldesarra,,,SarahConnor,,,,
SofiaCarson,,,JanetBiedermann,,,,
PeytonList,,,,,,,
BrittanyRaymond,,,,,,,
Christine,,,,,,,
GihChaves,,,,,,,
JordynJones,,,,,,,
MaddieZieglers,,,,,,,
ValuZenere,,,,,,,
ValentinaZenere,,,,,,,